Insert into KM_PRICES (CLASS,PRICE) values ('1','1,1');
Insert into KM_PRICES (CLASS,PRICE) values ('2','0,9');

Insert into MODELS (COD_MODEL,NAME_MODEL,PLACES,CLASS) values ('1','Газель','20','1');
Insert into MODELS (COD_MODEL,NAME_MODEL,PLACES,CLASS) values ('2','ПАЗ','24','1');
Insert into MODELS (COD_MODEL,NAME_MODEL,PLACES,CLASS) values ('3','ЛАЗ','40','2');
Insert into MODELS (COD_MODEL,NAME_MODEL,PLACES,CLASS) values ('4','Икарус','42','2');
Insert into MODELS (COD_MODEL,NAME_MODEL,PLACES,CLASS) values ('5','Мерседес','44','2');
Insert into MODELS (COD_MODEL,NAME_MODEL,PLACES,CLASS) values ('6','ЛиАЗ','35','1');

Insert into BUSES (COD_BUS,BUS_NUMBER,COD_MODEL) values ('1','АА 510 35','2');
Insert into BUSES (COD_BUS,BUS_NUMBER,COD_MODEL) values ('2','АА 452 35','2');
Insert into BUSES (COD_BUS,BUS_NUMBER,COD_MODEL) values ('3','ВВ 927 35','2');
Insert into BUSES (COD_BUS,BUS_NUMBER,COD_MODEL) values ('4','ВВ 395 35','3');
Insert into BUSES (COD_BUS,BUS_NUMBER,COD_MODEL) values ('5','СС 136 35','3');
Insert into BUSES (COD_BUS,BUS_NUMBER,COD_MODEL) values ('6','СС 407 35','4');
Insert into BUSES (COD_BUS,BUS_NUMBER,COD_MODEL) values ('7','СС 697 35','4');
Insert into BUSES (COD_BUS,BUS_NUMBER,COD_MODEL) values ('8','ДД 895 35','4');
Insert into BUSES (COD_BUS,BUS_NUMBER,COD_MODEL) values ('9','СУ 213 35','5');
Insert into BUSES (COD_BUS,BUS_NUMBER,COD_MODEL) values ('10','АР 813 35','4');
Insert into BUSES (COD_BUS,BUS_NUMBER,COD_MODEL) values ('11','ЙМ 833 35','4');
Insert into BUSES (COD_BUS,BUS_NUMBER,COD_MODEL) values ('12','НЧ 776 35','6');
Insert into BUSES (COD_BUS,BUS_NUMBER,COD_MODEL) values ('13','ЙО 555 35','5');

Insert into POINTS (COD_POINT,NAME_POINT,DISTANCE) values ('1','Сосновка','20');
Insert into POINTS (COD_POINT,NAME_POINT,DISTANCE) values ('2','Нестерово','51');
Insert into POINTS (COD_POINT,NAME_POINT,DISTANCE) values ('3','Чебсара','64');
Insert into POINTS (COD_POINT,NAME_POINT,DISTANCE) values ('4','Шексна','80');
Insert into POINTS (COD_POINT,NAME_POINT,DISTANCE) values ('5','Демидово','95');
Insert into POINTS (COD_POINT,NAME_POINT,DISTANCE) values ('6','Крылово','155');
Insert into POINTS (COD_POINT,NAME_POINT,DISTANCE) values ('7','Белозерск','207');
Insert into POINTS (COD_POINT,NAME_POINT,DISTANCE) values ('8','Царева','107');
Insert into POINTS (COD_POINT,NAME_POINT,DISTANCE) values ('9','Суда','150');
Insert into POINTS (COD_POINT,NAME_POINT,DISTANCE) values ('10','Им.Желябово','219');
Insert into POINTS (COD_POINT,NAME_POINT,DISTANCE) values ('11','Устюжна','240');
Insert into POINTS (COD_POINT,NAME_POINT,DISTANCE) values ('12','Череповец','132');
Insert into POINTS (COD_POINT,NAME_POINT,DISTANCE) values ('13','Сазаново','304');
Insert into POINTS (COD_POINT,NAME_POINT,DISTANCE) values ('14','Чагода','316');
Insert into POINTS (COD_POINT,NAME_POINT,DISTANCE) values ('15','Майский','8');
Insert into POINTS (COD_POINT,NAME_POINT,DISTANCE) values ('16','Молочное','14');
Insert into POINTS (COD_POINT,NAME_POINT,DISTANCE) values ('17','Новленское','57');
Insert into POINTS (COD_POINT,NAME_POINT,DISTANCE) values ('18','Никольский торжок','99');
Insert into POINTS (COD_POINT,NAME_POINT,DISTANCE) values ('19','Кириллов','125');
Insert into POINTS (COD_POINT,NAME_POINT,DISTANCE) values ('20','Фофанцево','12');
Insert into POINTS (COD_POINT,NAME_POINT,DISTANCE) values ('21','Сокол','35');
Insert into POINTS (COD_POINT,NAME_POINT,DISTANCE) values ('22','Кадников','40');
Insert into POINTS (COD_POINT,NAME_POINT,DISTANCE) values ('23','Чешкино','62');
Insert into POINTS (COD_POINT,NAME_POINT,DISTANCE) values ('24','Великий двор','80');
Insert into POINTS (COD_POINT,NAME_POINT,DISTANCE) values ('25','Погорелово','102');
Insert into POINTS (COD_POINT,NAME_POINT,DISTANCE) values ('26','Жилино','147');
Insert into POINTS (COD_POINT,NAME_POINT,DISTANCE) values ('27','Тотьма','201');
Insert into POINTS (COD_POINT,NAME_POINT,DISTANCE) values ('28','Им.Бабушкина','234');
Insert into POINTS (COD_POINT,NAME_POINT,DISTANCE) values ('29','Сямжа','111');
Insert into POINTS (COD_POINT,NAME_POINT,DISTANCE) values ('30','Верховажье','216');
Insert into POINTS (COD_POINT,NAME_POINT,DISTANCE) values ('31','Грязовец','45');
Insert into POINTS (COD_POINT,NAME_POINT,DISTANCE) values ('32','Нюксеница','302');
Insert into POINTS (COD_POINT,NAME_POINT,DISTANCE) values ('33','Великий Устюг','426');
Insert into POINTS (COD_POINT,NAME_POINT,DISTANCE) values ('34','Великий Устюг-20','426');
Insert into POINTS (COD_POINT,NAME_POINT,DISTANCE) values ('35','Лоста','5');

Insert into ROUTES (COD_ROUTE,NAME_ROUTE) values ('1','Вологда-Шексна');
Insert into ROUTES (COD_ROUTE,NAME_ROUTE) values ('2','Вологда-Череповец');
Insert into ROUTES (COD_ROUTE,NAME_ROUTE) values ('3','Вологда-Устюжна');
Insert into ROUTES (COD_ROUTE,NAME_ROUTE) values ('4','Вологда-Чагода');
Insert into ROUTES (COD_ROUTE,NAME_ROUTE) values ('5','Вологда-Кириллов');
Insert into ROUTES (COD_ROUTE,NAME_ROUTE) values ('6','Вологда-Сокол');
Insert into ROUTES (COD_ROUTE,NAME_ROUTE) values ('7','Вологда-Тотьма');
Insert into ROUTES (COD_ROUTE,NAME_ROUTE) values ('8','Вологда-Верховажье');
Insert into ROUTES (COD_ROUTE,NAME_ROUTE) values ('9','Вологда-Грязовец');
Insert into ROUTES (COD_ROUTE,NAME_ROUTE) values ('10','Вологда-Белозерск');
Insert into ROUTES (COD_ROUTE,NAME_ROUTE) values ('11','Вологда-Великий Устюг');

Insert into POINTS_ROUTES (COD_POINT,COD_ROUTE) values ('1','1');
Insert into POINTS_ROUTES (COD_POINT,COD_ROUTE) values ('1','2');
Insert into POINTS_ROUTES (COD_POINT,COD_ROUTE) values ('1','3');
Insert into POINTS_ROUTES (COD_POINT,COD_ROUTE) values ('1','4');
Insert into POINTS_ROUTES (COD_POINT,COD_ROUTE) values ('1','10');
Insert into POINTS_ROUTES (COD_POINT,COD_ROUTE) values ('2','1');
Insert into POINTS_ROUTES (COD_POINT,COD_ROUTE) values ('2','2');
Insert into POINTS_ROUTES (COD_POINT,COD_ROUTE) values ('2','3');
Insert into POINTS_ROUTES (COD_POINT,COD_ROUTE) values ('2','4');
Insert into POINTS_ROUTES (COD_POINT,COD_ROUTE) values ('2','10');
Insert into POINTS_ROUTES (COD_POINT,COD_ROUTE) values ('3','1');
Insert into POINTS_ROUTES (COD_POINT,COD_ROUTE) values ('3','2');
Insert into POINTS_ROUTES (COD_POINT,COD_ROUTE) values ('3','3');
Insert into POINTS_ROUTES (COD_POINT,COD_ROUTE) values ('3','4');
Insert into POINTS_ROUTES (COD_POINT,COD_ROUTE) values ('3','10');
Insert into POINTS_ROUTES (COD_POINT,COD_ROUTE) values ('4','1');
Insert into POINTS_ROUTES (COD_POINT,COD_ROUTE) values ('4','2');
Insert into POINTS_ROUTES (COD_POINT,COD_ROUTE) values ('4','3');
Insert into POINTS_ROUTES (COD_POINT,COD_ROUTE) values ('4','4');
Insert into POINTS_ROUTES (COD_POINT,COD_ROUTE) values ('4','10');
Insert into POINTS_ROUTES (COD_POINT,COD_ROUTE) values ('5','2');
Insert into POINTS_ROUTES (COD_POINT,COD_ROUTE) values ('5','3');
Insert into POINTS_ROUTES (COD_POINT,COD_ROUTE) values ('5','4');
Insert into POINTS_ROUTES (COD_POINT,COD_ROUTE) values ('5','10');
Insert into POINTS_ROUTES (COD_POINT,COD_ROUTE) values ('6','10');
Insert into POINTS_ROUTES (COD_POINT,COD_ROUTE) values ('7','10');
Insert into POINTS_ROUTES (COD_POINT,COD_ROUTE) values ('8','2');
Insert into POINTS_ROUTES (COD_POINT,COD_ROUTE) values ('8','3');
Insert into POINTS_ROUTES (COD_POINT,COD_ROUTE) values ('8','4');
Insert into POINTS_ROUTES (COD_POINT,COD_ROUTE) values ('9','3');
Insert into POINTS_ROUTES (COD_POINT,COD_ROUTE) values ('9','4');
Insert into POINTS_ROUTES (COD_POINT,COD_ROUTE) values ('10','3');
Insert into POINTS_ROUTES (COD_POINT,COD_ROUTE) values ('10','4');
Insert into POINTS_ROUTES (COD_POINT,COD_ROUTE) values ('11','3');
Insert into POINTS_ROUTES (COD_POINT,COD_ROUTE) values ('12','2');
Insert into POINTS_ROUTES (COD_POINT,COD_ROUTE) values ('13','4');
Insert into POINTS_ROUTES (COD_POINT,COD_ROUTE) values ('14','4');
Insert into POINTS_ROUTES (COD_POINT,COD_ROUTE) values ('15','5');
Insert into POINTS_ROUTES (COD_POINT,COD_ROUTE) values ('16','5');
Insert into POINTS_ROUTES (COD_POINT,COD_ROUTE) values ('17','5');
Insert into POINTS_ROUTES (COD_POINT,COD_ROUTE) values ('18','5');
Insert into POINTS_ROUTES (COD_POINT,COD_ROUTE) values ('19','5');
Insert into POINTS_ROUTES (COD_POINT,COD_ROUTE) values ('20','6');
Insert into POINTS_ROUTES (COD_POINT,COD_ROUTE) values ('20','7');
Insert into POINTS_ROUTES (COD_POINT,COD_ROUTE) values ('20','8');
Insert into POINTS_ROUTES (COD_POINT,COD_ROUTE) values ('20','11');
Insert into POINTS_ROUTES (COD_POINT,COD_ROUTE) values ('21','6');
Insert into POINTS_ROUTES (COD_POINT,COD_ROUTE) values ('22','7');
Insert into POINTS_ROUTES (COD_POINT,COD_ROUTE) values ('22','11');
Insert into POINTS_ROUTES (COD_POINT,COD_ROUTE) values ('23','7');
Insert into POINTS_ROUTES (COD_POINT,COD_ROUTE) values ('23','11');
Insert into POINTS_ROUTES (COD_POINT,COD_ROUTE) values ('24','7');
Insert into POINTS_ROUTES (COD_POINT,COD_ROUTE) values ('24','11');
Insert into POINTS_ROUTES (COD_POINT,COD_ROUTE) values ('25','7');
Insert into POINTS_ROUTES (COD_POINT,COD_ROUTE) values ('25','11');
Insert into POINTS_ROUTES (COD_POINT,COD_ROUTE) values ('26','7');
Insert into POINTS_ROUTES (COD_POINT,COD_ROUTE) values ('26','11');
Insert into POINTS_ROUTES (COD_POINT,COD_ROUTE) values ('27','7');
Insert into POINTS_ROUTES (COD_POINT,COD_ROUTE) values ('27','11');
Insert into POINTS_ROUTES (COD_POINT,COD_ROUTE) values ('28','7');
Insert into POINTS_ROUTES (COD_POINT,COD_ROUTE) values ('29','8');
Insert into POINTS_ROUTES (COD_POINT,COD_ROUTE) values ('30','8');
Insert into POINTS_ROUTES (COD_POINT,COD_ROUTE) values ('31','9');
Insert into POINTS_ROUTES (COD_POINT,COD_ROUTE) values ('32','11');
Insert into POINTS_ROUTES (COD_POINT,COD_ROUTE) values ('33','11');
Insert into POINTS_ROUTES (COD_POINT,COD_ROUTE) values ('34','11');

Insert into TRIPS (COD_TRIP,WEEK_DAY,HOUR,MINUTE,TICKETS,COD_ROUTE,COD_BUS) values ('1','6','8','20','18','4','1');
Insert into TRIPS (COD_TRIP,WEEK_DAY,HOUR,MINUTE,TICKETS,COD_ROUTE,COD_BUS) values ('2','3','11','51','33','2','11');
Insert into TRIPS (COD_TRIP,WEEK_DAY,HOUR,MINUTE,TICKETS,COD_ROUTE,COD_BUS) values ('3','5','17','54','26','10','4');
Insert into TRIPS (COD_TRIP,WEEK_DAY,HOUR,MINUTE,TICKETS,COD_ROUTE,COD_BUS) values ('4','1','20','30','26','8','4');
Insert into TRIPS (COD_TRIP,WEEK_DAY,HOUR,MINUTE,TICKETS,COD_ROUTE,COD_BUS) values ('5','2','16','21','27','11','6');
Insert into TRIPS (COD_TRIP,WEEK_DAY,HOUR,MINUTE,TICKETS,COD_ROUTE,COD_BUS) values ('6','1','20','44','28','10','9');
Insert into TRIPS (COD_TRIP,WEEK_DAY,HOUR,MINUTE,TICKETS,COD_ROUTE,COD_BUS) values ('7','3','20','11','35','11','7');
Insert into TRIPS (COD_TRIP,WEEK_DAY,HOUR,MINUTE,TICKETS,COD_ROUTE,COD_BUS) values ('8','7','12','1','22','10','3');
Insert into TRIPS (COD_TRIP,WEEK_DAY,HOUR,MINUTE,TICKETS,COD_ROUTE,COD_BUS) values ('9','2','16','23','22','1','3');
Insert into TRIPS (COD_TRIP,WEEK_DAY,HOUR,MINUTE,TICKETS,COD_ROUTE,COD_BUS) values ('10','2','18','18','35','1','7');
Insert into TRIPS (COD_TRIP,WEEK_DAY,HOUR,MINUTE,TICKETS,COD_ROUTE,COD_BUS) values ('11','3','19','31','29','11','8');
Insert into TRIPS (COD_TRIP,WEEK_DAY,HOUR,MINUTE,TICKETS,COD_ROUTE,COD_BUS) values ('12','2','8','20','15','1','12');
Insert into TRIPS (COD_TRIP,WEEK_DAY,HOUR,MINUTE,TICKETS,COD_ROUTE,COD_BUS) values ('13','1','16','50','32','4','10');
Insert into TRIPS (COD_TRIP,WEEK_DAY,HOUR,MINUTE,TICKETS,COD_ROUTE,COD_BUS) values ('14','2','17','21','26','10','4');
Insert into TRIPS (COD_TRIP,WEEK_DAY,HOUR,MINUTE,TICKETS,COD_ROUTE,COD_BUS) values ('15','2','8','13','26','1','4');
Insert into TRIPS (COD_TRIP,WEEK_DAY,HOUR,MINUTE,TICKETS,COD_ROUTE,COD_BUS) values ('16','3','19','12','27','4','6');
Insert into TRIPS (COD_TRIP,WEEK_DAY,HOUR,MINUTE,TICKETS,COD_ROUTE,COD_BUS) values ('17','4','10','38','29','5','8');
Insert into TRIPS (COD_TRIP,WEEK_DAY,HOUR,MINUTE,TICKETS,COD_ROUTE,COD_BUS) values ('18','7','8','22','29','3','8');
Insert into TRIPS (COD_TRIP,WEEK_DAY,HOUR,MINUTE,TICKETS,COD_ROUTE,COD_BUS) values ('19','6','13','41','35','10','7');
Insert into TRIPS (COD_TRIP,WEEK_DAY,HOUR,MINUTE,TICKETS,COD_ROUTE,COD_BUS) values ('20','7','19','9','18','4','1');
Insert into TRIPS (COD_TRIP,WEEK_DAY,HOUR,MINUTE,TICKETS,COD_ROUTE,COD_BUS) values ('21','4','6','26','35','3','7');
Insert into TRIPS (COD_TRIP,WEEK_DAY,HOUR,MINUTE,TICKETS,COD_ROUTE,COD_BUS) values ('22','4','9','25','15','2','12');
Insert into TRIPS (COD_TRIP,WEEK_DAY,HOUR,MINUTE,TICKETS,COD_ROUTE,COD_BUS) values ('23','5','16','37','26','8','4');
Insert into TRIPS (COD_TRIP,WEEK_DAY,HOUR,MINUTE,TICKETS,COD_ROUTE,COD_BUS) values ('24','5','14','3','18','8','1');
Insert into TRIPS (COD_TRIP,WEEK_DAY,HOUR,MINUTE,TICKETS,COD_ROUTE,COD_BUS) values ('25','6','15','48','12','7','2');
Insert into TRIPS (COD_TRIP,WEEK_DAY,HOUR,MINUTE,TICKETS,COD_ROUTE,COD_BUS) values ('26','5','7','6','28','2','9');
Insert into TRIPS (COD_TRIP,WEEK_DAY,HOUR,MINUTE,TICKETS,COD_ROUTE,COD_BUS) values ('27','3','11','16','28','9','9');
Insert into TRIPS (COD_TRIP,WEEK_DAY,HOUR,MINUTE,TICKETS,COD_ROUTE,COD_BUS) values ('28','1','18','54','32','9','10');
Insert into TRIPS (COD_TRIP,WEEK_DAY,HOUR,MINUTE,TICKETS,COD_ROUTE,COD_BUS) values ('29','6','18','2','26','10','4');
Insert into TRIPS (COD_TRIP,WEEK_DAY,HOUR,MINUTE,TICKETS,COD_ROUTE,COD_BUS) values ('30','1','7','16','12','10','2');
Insert into TRIPS (COD_TRIP,WEEK_DAY,HOUR,MINUTE,TICKETS,COD_ROUTE,COD_BUS) values ('31','7','14','45','29','2','8');
Insert into TRIPS (COD_TRIP,WEEK_DAY,HOUR,MINUTE,TICKETS,COD_ROUTE,COD_BUS) values ('32','5','17','32','28','4','9');
Insert into TRIPS (COD_TRIP,WEEK_DAY,HOUR,MINUTE,TICKETS,COD_ROUTE,COD_BUS) values ('33','2','16','47','28','5','9');
Insert into TRIPS (COD_TRIP,WEEK_DAY,HOUR,MINUTE,TICKETS,COD_ROUTE,COD_BUS) values ('34','2','16','28','18','7','1');
Insert into TRIPS (COD_TRIP,WEEK_DAY,HOUR,MINUTE,TICKETS,COD_ROUTE,COD_BUS) values ('35','3','11','50','15','8','12');
Insert into TRIPS (COD_TRIP,WEEK_DAY,HOUR,MINUTE,TICKETS,COD_ROUTE,COD_BUS) values ('36','7','16','53','17','10','13');
Insert into TRIPS (COD_TRIP,WEEK_DAY,HOUR,MINUTE,TICKETS,COD_ROUTE,COD_BUS) values ('37','6','7','41','33','11','11');
Insert into TRIPS (COD_TRIP,WEEK_DAY,HOUR,MINUTE,TICKETS,COD_ROUTE,COD_BUS) values ('38','1','20','1','17','3','13');
Insert into TRIPS (COD_TRIP,WEEK_DAY,HOUR,MINUTE,TICKETS,COD_ROUTE,COD_BUS) values ('39','5','6','36','12','7','2');
Insert into TRIPS (COD_TRIP,WEEK_DAY,HOUR,MINUTE,TICKETS,COD_ROUTE,COD_BUS) values ('40','4','6','42','15','4','12');
Insert into TRIPS (COD_TRIP,WEEK_DAY,HOUR,MINUTE,TICKETS,COD_ROUTE,COD_BUS) values ('41','1','11','39','33','8','11');
Insert into TRIPS (COD_TRIP,WEEK_DAY,HOUR,MINUTE,TICKETS,COD_ROUTE,COD_BUS) values ('42','7','14','27','27','1','6');
Insert into TRIPS (COD_TRIP,WEEK_DAY,HOUR,MINUTE,TICKETS,COD_ROUTE,COD_BUS) values ('43','5','14','36','28','11','9');
Insert into TRIPS (COD_TRIP,WEEK_DAY,HOUR,MINUTE,TICKETS,COD_ROUTE,COD_BUS) values ('44','7','16','43','15','5','12');
Insert into TRIPS (COD_TRIP,WEEK_DAY,HOUR,MINUTE,TICKETS,COD_ROUTE,COD_BUS) values ('45','2','11','32','28','3','9');
Insert into TRIPS (COD_TRIP,WEEK_DAY,HOUR,MINUTE,TICKETS,COD_ROUTE,COD_BUS) values ('46','3','18','53','26','5','4');
Insert into TRIPS (COD_TRIP,WEEK_DAY,HOUR,MINUTE,TICKETS,COD_ROUTE,COD_BUS) values ('47','6','18','16','32','6','10');
Insert into TRIPS (COD_TRIP,WEEK_DAY,HOUR,MINUTE,TICKETS,COD_ROUTE,COD_BUS) values ('48','5','20','15','15','5','12');
Insert into TRIPS (COD_TRIP,WEEK_DAY,HOUR,MINUTE,TICKETS,COD_ROUTE,COD_BUS) values ('49','4','13','36','17','10','13');
Insert into TRIPS (COD_TRIP,WEEK_DAY,HOUR,MINUTE,TICKETS,COD_ROUTE,COD_BUS) values ('50','3','6','19','35','4','7');
Insert into TRIPS (COD_TRIP,WEEK_DAY,HOUR,MINUTE,TICKETS,COD_ROUTE,COD_BUS) values ('51','3','9','4','18','10','1');
Insert into TRIPS (COD_TRIP,WEEK_DAY,HOUR,MINUTE,TICKETS,COD_ROUTE,COD_BUS) values ('52','6','17','29','22','7','3');
Insert into TRIPS (COD_TRIP,WEEK_DAY,HOUR,MINUTE,TICKETS,COD_ROUTE,COD_BUS) values ('53','1','11','17','15','4','12');
Insert into TRIPS (COD_TRIP,WEEK_DAY,HOUR,MINUTE,TICKETS,COD_ROUTE,COD_BUS) values ('54','3','9','33','18','3','1');
Insert into TRIPS (COD_TRIP,WEEK_DAY,HOUR,MINUTE,TICKETS,COD_ROUTE,COD_BUS) values ('55','6','8','15','32','11','10');
Insert into TRIPS (COD_TRIP,WEEK_DAY,HOUR,MINUTE,TICKETS,COD_ROUTE,COD_BUS) values ('56','1','16','35','15','6','12');
Insert into TRIPS (COD_TRIP,WEEK_DAY,HOUR,MINUTE,TICKETS,COD_ROUTE,COD_BUS) values ('57','6','7','7','12','5','2');
Insert into TRIPS (COD_TRIP,WEEK_DAY,HOUR,MINUTE,TICKETS,COD_ROUTE,COD_BUS) values ('58','7','14','1','17','11','5');
Insert into TRIPS (COD_TRIP,WEEK_DAY,HOUR,MINUTE,TICKETS,COD_ROUTE,COD_BUS) values ('59','6','7','38','22','8','3');
Insert into TRIPS (COD_TRIP,WEEK_DAY,HOUR,MINUTE,TICKETS,COD_ROUTE,COD_BUS) values ('60','3','18','49','22','5','3');
Insert into TRIPS (COD_TRIP,WEEK_DAY,HOUR,MINUTE,TICKETS,COD_ROUTE,COD_BUS) values ('61','3','19','31','35','7','7');
Insert into TRIPS (COD_TRIP,WEEK_DAY,HOUR,MINUTE,TICKETS,COD_ROUTE,COD_BUS) values ('62','1','10','43','29','6','8');
Insert into TRIPS (COD_TRIP,WEEK_DAY,HOUR,MINUTE,TICKETS,COD_ROUTE,COD_BUS) values ('63','5','15','36','28','8','9');
Insert into TRIPS (COD_TRIP,WEEK_DAY,HOUR,MINUTE,TICKETS,COD_ROUTE,COD_BUS) values ('64','2','10','51','15','4','12');
Insert into TRIPS (COD_TRIP,WEEK_DAY,HOUR,MINUTE,TICKETS,COD_ROUTE,COD_BUS) values ('65','5','6','37','28','10','9');
Insert into TRIPS (COD_TRIP,WEEK_DAY,HOUR,MINUTE,TICKETS,COD_ROUTE,COD_BUS) values ('66','1','14','4','22','9','3');
Insert into TRIPS (COD_TRIP,WEEK_DAY,HOUR,MINUTE,TICKETS,COD_ROUTE,COD_BUS) values ('67','2','20','30','35','1','7');
Insert into TRIPS (COD_TRIP,WEEK_DAY,HOUR,MINUTE,TICKETS,COD_ROUTE,COD_BUS) values ('68','3','8','26','29','2','8');
Insert into TRIPS (COD_TRIP,WEEK_DAY,HOUR,MINUTE,TICKETS,COD_ROUTE,COD_BUS) values ('69','4','9','37','18','7','1');
Insert into TRIPS (COD_TRIP,WEEK_DAY,HOUR,MINUTE,TICKETS,COD_ROUTE,COD_BUS) values ('70','4','10','56','35','6','7');
Insert into TRIPS (COD_TRIP,WEEK_DAY,HOUR,MINUTE,TICKETS,COD_ROUTE,COD_BUS) values ('71','2','12','52','18','1','1');
Insert into TRIPS (COD_TRIP,WEEK_DAY,HOUR,MINUTE,TICKETS,COD_ROUTE,COD_BUS) values ('72','1','19','6','26','7','4');
Insert into TRIPS (COD_TRIP,WEEK_DAY,HOUR,MINUTE,TICKETS,COD_ROUTE,COD_BUS) values ('73','2','14','43','28','11','9');
Insert into TRIPS (COD_TRIP,WEEK_DAY,HOUR,MINUTE,TICKETS,COD_ROUTE,COD_BUS) values ('74','2','19','47','33','2','11');
Insert into TRIPS (COD_TRIP,WEEK_DAY,HOUR,MINUTE,TICKETS,COD_ROUTE,COD_BUS) values ('75','6','17','7','27','11','6');
Insert into TRIPS (COD_TRIP,WEEK_DAY,HOUR,MINUTE,TICKETS,COD_ROUTE,COD_BUS) values ('76','5','13','57','22','9','3');
Insert into TRIPS (COD_TRIP,WEEK_DAY,HOUR,MINUTE,TICKETS,COD_ROUTE,COD_BUS) values ('77','4','18','28','22','8','3');
Insert into TRIPS (COD_TRIP,WEEK_DAY,HOUR,MINUTE,TICKETS,COD_ROUTE,COD_BUS) values ('78','3','20','26','18','2','1');
Insert into TRIPS (COD_TRIP,WEEK_DAY,HOUR,MINUTE,TICKETS,COD_ROUTE,COD_BUS) values ('79','5','12','2','29','10','8');
Insert into TRIPS (COD_TRIP,WEEK_DAY,HOUR,MINUTE,TICKETS,COD_ROUTE,COD_BUS) values ('80','1','11','32','22','4','3');
Insert into TRIPS (COD_TRIP,WEEK_DAY,HOUR,MINUTE,TICKETS,COD_ROUTE,COD_BUS) values ('81','2','8','44','27','8','6');
Insert into TRIPS (COD_TRIP,WEEK_DAY,HOUR,MINUTE,TICKETS,COD_ROUTE,COD_BUS) values ('82','6','6','24','33','11','11');
Insert into TRIPS (COD_TRIP,WEEK_DAY,HOUR,MINUTE,TICKETS,COD_ROUTE,COD_BUS) values ('83','2','12','57','17','1','13');
Insert into TRIPS (COD_TRIP,WEEK_DAY,HOUR,MINUTE,TICKETS,COD_ROUTE,COD_BUS) values ('84','3','19','42','32','5','10');
Insert into TRIPS (COD_TRIP,WEEK_DAY,HOUR,MINUTE,TICKETS,COD_ROUTE,COD_BUS) values ('85','2','13','12','28','2','9');
Insert into TRIPS (COD_TRIP,WEEK_DAY,HOUR,MINUTE,TICKETS,COD_ROUTE,COD_BUS) values ('86','3','19','30','33','6','11');
Insert into TRIPS (COD_TRIP,WEEK_DAY,HOUR,MINUTE,TICKETS,COD_ROUTE,COD_BUS) values ('87','6','17','7','15','6','12');
Insert into TRIPS (COD_TRIP,WEEK_DAY,HOUR,MINUTE,TICKETS,COD_ROUTE,COD_BUS) values ('88','7','14','32','22','2','3');
Insert into TRIPS (COD_TRIP,WEEK_DAY,HOUR,MINUTE,TICKETS,COD_ROUTE,COD_BUS) values ('89','2','9','51','12','1','2');
Insert into TRIPS (COD_TRIP,WEEK_DAY,HOUR,MINUTE,TICKETS,COD_ROUTE,COD_BUS) values ('90','5','18','55','17','6','13');
Insert into TRIPS (COD_TRIP,WEEK_DAY,HOUR,MINUTE,TICKETS,COD_ROUTE,COD_BUS) values ('91','7','15','4','17','7','5');
Insert into TRIPS (COD_TRIP,WEEK_DAY,HOUR,MINUTE,TICKETS,COD_ROUTE,COD_BUS) values ('92','7','14','39','15','2','12');
Insert into TRIPS (COD_TRIP,WEEK_DAY,HOUR,MINUTE,TICKETS,COD_ROUTE,COD_BUS) values ('93','4','19','12','17','2','5');
Insert into TRIPS (COD_TRIP,WEEK_DAY,HOUR,MINUTE,TICKETS,COD_ROUTE,COD_BUS) values ('94','1','11','32','18','7','1');
Insert into TRIPS (COD_TRIP,WEEK_DAY,HOUR,MINUTE,TICKETS,COD_ROUTE,COD_BUS) values ('95','5','6','56','33','3','11');
Insert into TRIPS (COD_TRIP,WEEK_DAY,HOUR,MINUTE,TICKETS,COD_ROUTE,COD_BUS) values ('96','3','7','1','26','2','4');
Insert into TRIPS (COD_TRIP,WEEK_DAY,HOUR,MINUTE,TICKETS,COD_ROUTE,COD_BUS) values ('97','3','17','7','17','6','5');
Insert into TRIPS (COD_TRIP,WEEK_DAY,HOUR,MINUTE,TICKETS,COD_ROUTE,COD_BUS) values ('98','2','16','40','18','3','1');
Insert into TRIPS (COD_TRIP,WEEK_DAY,HOUR,MINUTE,TICKETS,COD_ROUTE,COD_BUS) values ('99','6','7','26','26','4','4');
Insert into TRIPS (COD_TRIP,WEEK_DAY,HOUR,MINUTE,TICKETS,COD_ROUTE,COD_BUS) values ('100','4','10','13','32','7','10');
Insert into TRIPS (COD_TRIP,WEEK_DAY,HOUR,MINUTE,TICKETS,COD_ROUTE,COD_BUS) values ('101','5','11','58','22','6','3');
Insert into TRIPS (COD_TRIP,WEEK_DAY,HOUR,MINUTE,TICKETS,COD_ROUTE,COD_BUS) values ('102','6','20','9','27','7','6');
Insert into TRIPS (COD_TRIP,WEEK_DAY,HOUR,MINUTE,TICKETS,COD_ROUTE,COD_BUS) values ('103','2','19','27','27','4','6');
Insert into TRIPS (COD_TRIP,WEEK_DAY,HOUR,MINUTE,TICKETS,COD_ROUTE,COD_BUS) values ('104','7','6','54','29','9','8');
Insert into TRIPS (COD_TRIP,WEEK_DAY,HOUR,MINUTE,TICKETS,COD_ROUTE,COD_BUS) values ('105','1','8','39','17','1','5');
Insert into TRIPS (COD_TRIP,WEEK_DAY,HOUR,MINUTE,TICKETS,COD_ROUTE,COD_BUS) values ('106','7','14','16','27','6','6');
Insert into TRIPS (COD_TRIP,WEEK_DAY,HOUR,MINUTE,TICKETS,COD_ROUTE,COD_BUS) values ('107','1','17','24','32','1','10');
Insert into TRIPS (COD_TRIP,WEEK_DAY,HOUR,MINUTE,TICKETS,COD_ROUTE,COD_BUS) values ('108','4','13','6','17','8','13');
Insert into TRIPS (COD_TRIP,WEEK_DAY,HOUR,MINUTE,TICKETS,COD_ROUTE,COD_BUS) values ('109','5','17','33','26','6','4');
Insert into TRIPS (COD_TRIP,WEEK_DAY,HOUR,MINUTE,TICKETS,COD_ROUTE,COD_BUS) values ('110','2','6','29','18','3','1');
Insert into TRIPS (COD_TRIP,WEEK_DAY,HOUR,MINUTE,TICKETS,COD_ROUTE,COD_BUS) values ('111','1','12','23','33','4','11');
Insert into TRIPS (COD_TRIP,WEEK_DAY,HOUR,MINUTE,TICKETS,COD_ROUTE,COD_BUS) values ('112','7','9','33','28','9','9');
Insert into TRIPS (COD_TRIP,WEEK_DAY,HOUR,MINUTE,TICKETS,COD_ROUTE,COD_BUS) values ('113','2','7','53','35','11','7');
Insert into TRIPS (COD_TRIP,WEEK_DAY,HOUR,MINUTE,TICKETS,COD_ROUTE,COD_BUS) values ('114','7','11','58','12','4','2');
Insert into TRIPS (COD_TRIP,WEEK_DAY,HOUR,MINUTE,TICKETS,COD_ROUTE,COD_BUS) values ('115','6','16','49','26','4','4');
Insert into TRIPS (COD_TRIP,WEEK_DAY,HOUR,MINUTE,TICKETS,COD_ROUTE,COD_BUS) values ('116','3','11','40','29','6','8');
Insert into TRIPS (COD_TRIP,WEEK_DAY,HOUR,MINUTE,TICKETS,COD_ROUTE,COD_BUS) values ('117','7','16','42','32','10','10');
Insert into TRIPS (COD_TRIP,WEEK_DAY,HOUR,MINUTE,TICKETS,COD_ROUTE,COD_BUS) values ('118','7','17','39','35','7','7');
Insert into TRIPS (COD_TRIP,WEEK_DAY,HOUR,MINUTE,TICKETS,COD_ROUTE,COD_BUS) values ('119','2','16','10','15','7','12');
Insert into TRIPS (COD_TRIP,WEEK_DAY,HOUR,MINUTE,TICKETS,COD_ROUTE,COD_BUS) values ('120','1','18','55','28','7','9');
Insert into TRIPS (COD_TRIP,WEEK_DAY,HOUR,MINUTE,TICKETS,COD_ROUTE,COD_BUS) values ('121','3','18','9','17','1','5');
Insert into TRIPS (COD_TRIP,WEEK_DAY,HOUR,MINUTE,TICKETS,COD_ROUTE,COD_BUS) values ('122','3','19','46','26','11','4');
Insert into TRIPS (COD_TRIP,WEEK_DAY,HOUR,MINUTE,TICKETS,COD_ROUTE,COD_BUS) values ('123','4','8','14','35','6','7');
Insert into TRIPS (COD_TRIP,WEEK_DAY,HOUR,MINUTE,TICKETS,COD_ROUTE,COD_BUS) values ('124','7','20','37','22','7','3');
Insert into TRIPS (COD_TRIP,WEEK_DAY,HOUR,MINUTE,TICKETS,COD_ROUTE,COD_BUS) values ('125','4','13','39','28','6','9');
Insert into TRIPS (COD_TRIP,WEEK_DAY,HOUR,MINUTE,TICKETS,COD_ROUTE,COD_BUS) values ('126','6','18','40','15','3','12');
Insert into TRIPS (COD_TRIP,WEEK_DAY,HOUR,MINUTE,TICKETS,COD_ROUTE,COD_BUS) values ('127','1','16','31','29','8','8');
Insert into TRIPS (COD_TRIP,WEEK_DAY,HOUR,MINUTE,TICKETS,COD_ROUTE,COD_BUS) values ('128','2','6','34','28','7','9');
Insert into TRIPS (COD_TRIP,WEEK_DAY,HOUR,MINUTE,TICKETS,COD_ROUTE,COD_BUS) values ('129','2','10','50','18','10','1');
Insert into TRIPS (COD_TRIP,WEEK_DAY,HOUR,MINUTE,TICKETS,COD_ROUTE,COD_BUS) values ('130','5','14','9','35','3','7');
Insert into TRIPS (COD_TRIP,WEEK_DAY,HOUR,MINUTE,TICKETS,COD_ROUTE,COD_BUS) values ('131','3','11','27','22','4','3');
Insert into TRIPS (COD_TRIP,WEEK_DAY,HOUR,MINUTE,TICKETS,COD_ROUTE,COD_BUS) values ('132','7','14','57','29','8','8');
Insert into TRIPS (COD_TRIP,WEEK_DAY,HOUR,MINUTE,TICKETS,COD_ROUTE,COD_BUS) values ('133','2','20','28','17','6','13');
Insert into TRIPS (COD_TRIP,WEEK_DAY,HOUR,MINUTE,TICKETS,COD_ROUTE,COD_BUS) values ('134','1','12','16','18','1','1');
Insert into TRIPS (COD_TRIP,WEEK_DAY,HOUR,MINUTE,TICKETS,COD_ROUTE,COD_BUS) values ('135','5','8','54','18','6','1');
Insert into TRIPS (COD_TRIP,WEEK_DAY,HOUR,MINUTE,TICKETS,COD_ROUTE,COD_BUS) values ('136','4','8','15','15','8','12');
Insert into TRIPS (COD_TRIP,WEEK_DAY,HOUR,MINUTE,TICKETS,COD_ROUTE,COD_BUS) values ('137','2','7','1','22','8','3');
Insert into TRIPS (COD_TRIP,WEEK_DAY,HOUR,MINUTE,TICKETS,COD_ROUTE,COD_BUS) values ('138','2','16','7','26','7','4');
Insert into TRIPS (COD_TRIP,WEEK_DAY,HOUR,MINUTE,TICKETS,COD_ROUTE,COD_BUS) values ('139','7','9','31','12','1','2');
Insert into TRIPS (COD_TRIP,WEEK_DAY,HOUR,MINUTE,TICKETS,COD_ROUTE,COD_BUS) values ('140','2','12','18','18','2','1');
Insert into TRIPS (COD_TRIP,WEEK_DAY,HOUR,MINUTE,TICKETS,COD_ROUTE,COD_BUS) values ('141','5','8','20','17','2','13');
Insert into TRIPS (COD_TRIP,WEEK_DAY,HOUR,MINUTE,TICKETS,COD_ROUTE,COD_BUS) values ('142','3','18','36','15','6','12');
Insert into TRIPS (COD_TRIP,WEEK_DAY,HOUR,MINUTE,TICKETS,COD_ROUTE,COD_BUS) values ('143','6','18','3','26','8','4');
Insert into TRIPS (COD_TRIP,WEEK_DAY,HOUR,MINUTE,TICKETS,COD_ROUTE,COD_BUS) values ('144','3','9','10','29','7','8');
Insert into TRIPS (COD_TRIP,WEEK_DAY,HOUR,MINUTE,TICKETS,COD_ROUTE,COD_BUS) values ('145','3','11','31','12','7','2');
Insert into TRIPS (COD_TRIP,WEEK_DAY,HOUR,MINUTE,TICKETS,COD_ROUTE,COD_BUS) values ('146','6','11','19','12','9','2');
Insert into TRIPS (COD_TRIP,WEEK_DAY,HOUR,MINUTE,TICKETS,COD_ROUTE,COD_BUS) values ('147','4','18','25','17','1','13');
Insert into TRIPS (COD_TRIP,WEEK_DAY,HOUR,MINUTE,TICKETS,COD_ROUTE,COD_BUS) values ('148','2','12','50','32','4','10');
Insert into TRIPS (COD_TRIP,WEEK_DAY,HOUR,MINUTE,TICKETS,COD_ROUTE,COD_BUS) values ('149','1','13','57','17','8','13');
Insert into TRIPS (COD_TRIP,WEEK_DAY,HOUR,MINUTE,TICKETS,COD_ROUTE,COD_BUS) values ('150','2','15','44','32','3','10');
